SMILES,type,EO,PO,CMC,AW_ST_CMC,Gamma_max,Area_min,Pi_CMC,pC20,source
CCCCCCCCOCCO,nonionic,1,0,0.004899999999678292,,,,,,P2SURF; Single_Surfactant_CMC/total_smile_and_property.csv; experimental CMC dataset; logCMC(uM)=3.69019608 converted to mol/L; https://github.com/sandialabs/P2SURF
CCCCCCCCOCCOCCOCCO,nonionic,3,0,0.007499999993235582,,,,,,P2SURF; Single_Surfactant_CMC/total_smile_and_property.csv; experimental CMC dataset; logCMC(uM)=3.87506126 converted to mol/L; https://github.com/sandialabs/P2SURF
CCCCCCCCOCCOCCOCCOCCOCCO,nonionic,5,0,0.009199999992679831,,,,,,P2SURF; Single_Surfactant_CMC/total_smile_and_property.csv; experimental CMC dataset; logCMC(uM)=3.96378783 converted to mol/L; https://github.com/sandialabs/P2SURF
CCCCCCCCOCCOCCOCCOCCOCCOCCO,nonionic,6,0,0.009900000009174093,,,,,,P2SURF; Single_Surfactant_CMC/total_smile_and_property.csv; experimental CMC dataset; logCMC(uM)=3.9956352 converted to mol/L; https://github.com/sandialabs/P2SURF
CCCCCCCCCCOCCOCCOCCOCCO,nonionic,4,0,0.0006800000004599625,,,,,,P2SURF; Single_Surfactant_CMC/total_smile_and_property.csv; experimental CMC dataset; logCMC(uM)=2.83250891 converted to mol/L; https://github.com/sandialabs/P2SURF
CCCCCCCCCCOCCOCCOCCOCCOCCO,nonionic,5,0,0.000759999999508625,,,,,,P2SURF; Single_Surfactant_CMC/total_smile_and_property.csv; experimental CMC dataset; logCMC(uM)=2.88081359 converted to mol/L; https://github.com/sandialabs/P2SURF
CCCCCCCCCCOCCOCCOCCOCCOCCOCCO,nonionic,6,0,0.0008999999990895758,,,,,,P2SURF; Single_Surfactant_CMC/total_smile_and_property.csv; experimental CMC dataset; logCMC(uM)=2.95424251 converted to mol/L; https://github.com/sandialabs/P2SURF
CCCCCCCCCCOCCOCCOCCOCCOCCOCCOCCOCCO,nonionic,8,0,0.001,,,,,,P2SURF; Single_Surfactant_CMC/total_smile_and_property.csv; experimental CMC dataset; logCMC(uM)=3 converted to mol/L; https://github.com/sandialabs/P2SURF
CCCCCCCCCCCOCCOCCOCCOCCOCCOCCOCCOCCO,nonionic,8,0,0.0003000000001936504,,,,,,P2SURF; Single_Surfactant_CMC/total_smile_and_property.csv; experimental CMC dataset; logCMC(uM)=2.47712126 converted to mol/L; https://github.com/sandialabs/P2SURF
CCCCCCCCCCCCOCCOCCO,nonionic,2,0,3.300000000927876e-05,,,,,,P2SURF; Single_Surfactant_CMC/total_smile_and_property.csv; experimental CMC dataset; logCMC(uM)=1.51851394 converted to mol/L; https://github.com/sandialabs/P2SURF
CCCCCCCCCCCCOCCOCCOCCO,nonionic,3,0,5.200000004372708e-05,,,,,,P2SURF; Single_Surfactant_CMC/total_smile_and_property.csv; experimental CMC dataset; logCMC(uM)=1.71600334 converted to mol/L; https://github.com/sandialabs/P2SURF
CCCCCCCCCCCCOCCOCCOCCOCCO,nonionic,4,0,6.400000000237447e-05,,,,,,P2SURF; Single_Surfactant_CMC/total_smile_and_property.csv; experimental CMC dataset; logCMC(uM)=1.80617997 converted to mol/L; https://github.com/sandialabs/P2SURF
CCCCCCCCCCCCOCCOCCOCCOCCOCCO,nonionic,5,0,6.400000000237447e-05,,,,,,P2SURF; Single_Surfactant_CMC/total_smile_and_property.csv; experimental CMC dataset; logCMC(uM)=1.80617997 converted to mol/L; https://github.com/sandialabs/P2SURF
CCCCCCCCCCCCOCCOCCOCCOCCOCCOCCOCCO,nonionic,7,0,8.199999992754979e-05,,,,,,P2SURF; Single_Surfactant_CMC/total_smile_and_property.csv; experimental CMC dataset; logCMC(uM)=1.91381385 converted to mol/L; https://github.com/sandialabs/P2SURF
CCCCCCCCCCCCOCCOCCOCCOCCOCCOCCOCCOCCO,nonionic,8,0,0.00010900000001490235,,,,,,P2SURF; Single_Surfactant_CMC/total_smile_and_property.csv; experimental CMC dataset; logCMC(uM)=2.0374265 converted to mol/L; https://github.com/sandialabs/P2SURF
CCCCCCCCCCCCCOCCOCCOCCOCCOCCO,nonionic,5,0,4.899999999678287e-05,,,,,,P2SURF; Single_Surfactant_CMC/total_smile_and_property.csv; experimental CMC dataset; logCMC(uM)=1.69019608 converted to mol/L; https://github.com/sandialabs/P2SURF
CCCCCCCCCCCCCOCCOCCOCCOCCOCCOCCOCCOCCO,nonionic,8,0,2.6999999990115812e-05,,,,,,P2SURF; Single_Surfactant_CMC/total_smile_and_property.csv; experimental CMC dataset; logCMC(uM)=1.43136376 converted to mol/L; https://github.com/sandialabs/P2SURF
CCCCCCCCCCCCCCOCCOCCOCCOCCOCCOCCO,nonionic,6,0,1e-05,,,,,,P2SURF; Single_Surfactant_CMC/total_smile_and_property.csv; experimental CMC dataset; logCMC(uM)=1 converted to mol/L; https://github.com/sandialabs/P2SURF
CCCCCCCCCCCCCCOCCOCCOCCOCCOCCOCCOCCOCCO,nonionic,8,0,8.999999990895758e-06,,,,,,P2SURF; Single_Surfactant_CMC/total_smile_and_property.csv; experimental CMC dataset; logCMC(uM)=0.954242509 converted to mol/L; https://github.com/sandialabs/P2SURF
CCCCCCCCCCCCCCCOCCOCCOCCOCCOCCOCCOCCOCCO,nonionic,8,0,3.4999999971771144e-06,,,,,,P2SURF; Single_Surfactant_CMC/total_smile_and_property.csv; experimental CMC dataset; logCMC(uM)=0.544068044 converted to mol/L; https://github.com/sandialabs/P2SURF
CCCCCCCCCCCCCCCCOCCOCCOCCOCCOCCOCCO,nonionic,6,0,1.6599999998468975e-06,,,,,,P2SURF; Single_Surfactant_CMC/total_smile_and_property.csv; experimental CMC dataset; logCMC(uM)=0.220108088 converted to mol/L; https://github.com/sandialabs/P2SURF
CCCCCCCCCCCCCCCCOCCOCCOCCOCCOCCOCCOCCO,nonionic,7,0,1.6999999985192859e-06,,,,,,P2SURF; Single_Surfactant_CMC/total_smile_and_property.csv; experimental CMC dataset; logCMC(uM)=0.230448921 converted to mol/L; https://github.com/sandialabs/P2SURF
CCCCCCCCCCCCCCCCOCCOCCOCCOCCOCCOCCOCCOCCOCCO,nonionic,9,0,2.1000000012866145e-06,,,,,,P2SURF; Single_Surfactant_CMC/total_smile_and_property.csv; experimental CMC dataset; logCMC(uM)=0.322219295 converted to mol/L; https://github.com/sandialabs/P2SURF
CCCCCCCCCCCCCCCCOCCOCCOCCOCCOCCOCCOCCOCCOCCOCCOCCOCCO,nonionic,12,0,2.2999999999068293e-06,,,,,,P2SURF; Single_Surfactant_CMC/total_smile_and_property.csv; experimental CMC dataset; logCMC(uM)=0.361727836 converted to mol/L; https://github.com/sandialabs/P2SURF
CCCCCCCCCCCCCCCCOCCOCCOCCOCCOCCOCCOCCOCCOCCOCCOCCOCCOCCOCCOCCO,nonionic,15,0,3.1000000011829645e-06,,,,,,P2SURF; Single_Surfactant_CMC/total_smile_and_property.csv; experimental CMC dataset; logCMC(uM)=0.491361694 converted to mol/L; https://github.com/sandialabs/P2SURF
CCCCCCCCCCCCCCCCOCCOCCOCCOCCOCCOCCOCCOCCOCCOCCOCCOCCOCCOCCOCCOCCOCCOCCOCCOCCOCCO,nonionic,21,0,3.899999999762034e-06,,,,,,P2SURF; Single_Surfactant_CMC/total_smile_and_property.csv; experimental CMC dataset; logCMC(uM)=0.591064607 converted to mol/L; https://github.com/sandialabs/P2SURF
OCCOCCOCCSCCC(F)(F)C(F)(F)C(F)(F)C(F)(F)C(F)(F)C(F)(F)F,nonionic,3,0,0.0025000000018879035,,,,,,P2SURF; Single_Surfactant_CMC/total_smile_and_property.csv; experimental CMC dataset; logCMC(uM)=3.39794001 converted to mol/L; https://github.com/sandialabs/P2SURF
OCCOCCOCCOCCSCCC(F)(F)C(F)(F)C(F)(F)C(F)(F)C(F)(F)C(F)(F)F,nonionic,4,0,0.0027999999977936303,,,,,,P2SURF; Single_Surfactant_CMC/total_smile_and_property.csv; experimental CMC dataset; logCMC(uM)=3.44715803 converted to mol/L; https://github.com/sandialabs/P2SURF
OCCOCCOCCOCCOCCOCCSCCC(F)(F)C(F)(F)C(F)(F)C(F)(F)C(F)(F)C(F)(F)F,nonionic,6,0,0.0036999999994292328,,,,,,P2SURF; Single_Surfactant_CMC/total_smile_and_property.csv; experimental CMC dataset; logCMC(uM)=3.56820172 converted to mol/L; https://github.com/sandialabs/P2SURF
OCCOCCOCCOCCOCCOCCOCCOCCSCCC(F)(F)C(F)(F)C(F)(F)C(F)(F)C(F)(F)C(F)(F)F,nonionic,8,0,0.0047999999958488575,,,,,,P2SURF; Single_Surfactant_CMC/total_smile_and_property.csv; experimental CMC dataset; logCMC(uM)=3.68124124 converted to mol/L; https://github.com/sandialabs/P2SURF
CC(C)(C)CC(C)(C)c1ccc(OCCOCCOCCOCCOCCOCCOCCOCCOCCOCCO)cc1,nonionic,10,0,0.00033000000009278765,,,,,,P2SURF; Single_Surfactant_CMC/total_smile_and_property.csv; experimental CMC dataset; logCMC(uM)=2.51851394 converted to mol/L; https://github.com/sandialabs/P2SURF
CC(C)(C)CC(C)(C)c1ccc(OCCOCCO)cc1,nonionic,2,0,0.00012999999990815275,,,,,,P2SURF; Single_Surfactant_CMC/total_smile_and_property.csv; experimental CMC dataset; logCMC(uM)=2.11394335 converted to mol/L; https://github.com/sandialabs/P2SURF
CC(C)(C)CC(C)(C)c1ccc(OCCOCCOCCO)cc1,nonionic,3,0,9.699999994053391e-05,,,,,,P2SURF; Single_Surfactant_CMC/total_smile_and_property.csv; experimental CMC dataset; logCMC(uM)=1.98677173 converted to mol/L; https://github.com/sandialabs/P2SURF
CC(C)(C)CC(C)(C)c1ccc(OCCOCCOCCOCCO)cc1,nonionic,4,0,0.00012999999990815275,,,,,,P2SURF; Single_Surfactant_CMC/total_smile_and_property.csv; experimental CMC dataset; logCMC(uM)=2.11394335 converted to mol/L; https://github.com/sandialabs/P2SURF
CC(C)(C)CC(C)(C)c1ccc(OCCOCCOCCOCCOCCO)cc1,nonionic,5,0,0.0001499999999807684,,,,,,P2SURF; Single_Surfactant_CMC/total_smile_and_property.csv; experimental CMC dataset; logCMC(uM)=2.17609126 converted to mol/L; https://github.com/sandialabs/P2SURF
CC(C)(C)CC(C)(C)c1ccc(OCCOCCOCCOCCOCCOCCO)cc1,nonionic,6,0,0.00021000000012866144,,,,,,P2SURF; Single_Surfactant_CMC/total_smile_and_property.csv; experimental CMC dataset; logCMC(uM)=2.3222193 converted to mol/L; https://github.com/sandialabs/P2SURF
CC(C)(C)CC(C)(C)c1ccc(OCCOCCOCCOCCOCCOCCOCCO)cc1,nonionic,7,0,0.00025000000018879034,,,,,,P2SURF; Single_Surfactant_CMC/total_smile_and_property.csv; experimental CMC dataset; logCMC(uM)=2.39794001 converted to mol/L; https://github.com/sandialabs/P2SURF
CC(C)(C)CC(C)(C)c1ccc(OCCOCCOCCOCCOCCOCCOCCOCCO)cc1,nonionic,8,0,0.000279999999779363,,,,,,P2SURF; Single_Surfactant_CMC/total_smile_and_property.csv; experimental CMC dataset; logCMC(uM)=2.44715803 converted to mol/L; https://github.com/sandialabs/P2SURF
CC(C)(C)CC(C)(C)c1ccc(OCCOCCOCCOCCOCCOCCOCCOCCOCCO)cc1,nonionic,9,0,0.0003000000001936504,,,,,,P2SURF; Single_Surfactant_CMC/total_smile_and_property.csv; experimental CMC dataset; logCMC(uM)=2.47712126 converted to mol/L; https://github.com/sandialabs/P2SURF
CCCCCCOCCOCCOCCO,nonionic,3,0,0.1,,,,,,P2SURF; Single_Surfactant_CMC/total_smile_and_property.csv; experimental CMC dataset; logCMC(uM)=5 converted to mol/L; https://github.com/sandialabs/P2SURF
CCCCCCCCCCOCCOCCOCCO,nonionic,3,0,0.0005999999994699769,,,,,,P2SURF; Single_Surfactant_CMC/total_smile_and_property.csv; experimental CMC dataset; logCMC(uM)=2.77815125 converted to mol/L; https://github.com/sandialabs/P2SURF
CCCCCCCCCCCCOCCOCCOCCOCCOCCOCCO,nonionic,6,0,8.700000007640026e-05,,,,,,P2SURF; Single_Surfactant_CMC/total_smile_and_property.csv; experimental CMC dataset; logCMC(uM)=1.93951925 converted to mol/L; https://github.com/sandialabs/P2SURF
CCCCCCCCOCCOCCOCCOCCOCCOCCOCCOCCO,nonionic,8,0,0.012999999990815261,,,,,,P2SURF; Single_Surfactant_CMC/total_smile_and_property.csv; experimental CMC dataset; logCMC(uM)=4.11394335 converted to mol/L; https://github.com/sandialabs/P2SURF
CCCCCCCCCCOCCOCCOCCOCCOCCOCCOCCOCCOCCO,nonionic,9,0,0.0012999999990815274,,,,,,P2SURF; Single_Surfactant_CMC/total_smile_and_property.csv; experimental CMC dataset; logCMC(uM)=3.11394335 converted to mol/L; https://github.com/sandialabs/P2SURF
CCCCCCCCCCOCCS(=O)(=O)[O-],anionic,1,0,0.015899999988267906,,,,,,P2SURF; Single_Surfactant_CMC/total_smile_and_property.csv; experimental CMC dataset; logCMC(uM)=4.20139712 converted to mol/L; https://github.com/sandialabs/P2SURF
CCCCCCCCCCCCOCCOS(=O)(=O)[O-],anionic,1,0,0.0038999999997620335,,,,,,P2SURF; Single_Surfactant_CMC/total_smile_and_property.csv; experimental CMC dataset; logCMC(uM)=3.59106461 converted to mol/L; https://github.com/sandialabs/P2SURF
CCCCCCCCCCCCOCCOCCOS(=O)(=O)[O-],anionic,2,0,0.0029000000006747214,,,,,,P2SURF; Single_Surfactant_CMC/total_smile_and_property.csv; experimental CMC dataset; logCMC(uM)=3.462398 converted to mol/L; https://github.com/sandialabs/P2SURF
CCCCCCCCCCCCCCCCOCCOCCOCCOCCOCCOS(=O)(=O)[O-],anionic,5,0,2.5000000018879034e-05,,,,,,P2SURF; Single_Surfactant_CMC/total_smile_and_property.csv; experimental CMC dataset; logCMC(uM)=1.39794001 converted to mol/L; https://github.com/sandialabs/P2SURF
CCCCCCCCC(CCCCCC)COCCOCCOCCOCCOCCOS(=O)(=O)[O-],anionic,5,0,8.599999995176808e-05,,,,,,P2SURF; Single_Surfactant_CMC/total_smile_and_property.csv; experimental CMC dataset; logCMC(uM)=1.93449845 converted to mol/L; https://github.com/sandialabs/P2SURF
CCCCOC(=O)CC(C(=O)OCCCC)S(=O)(=O)[O-],anionic,1,0,0.20000000015474217,,,,,,P2SURF; Single_Surfactant_CMC/total_smile_and_property.csv; experimental CMC dataset; logCMC(uM)=5.30103 converted to mol/L; https://github.com/sandialabs/P2SURF
CCCCCOC(=O)CC(C(=O)OCCCCC)S(=O)(=O)[O-],anionic,1,0,0.053000000048718465,,,,,,P2SURF; Single_Surfactant_CMC/total_smile_and_property.csv; experimental CMC dataset; logCMC(uM)=4.72427587 converted to mol/L; https://github.com/sandialabs/P2SURF
CCCCCCCCOC(=O)CC(C(=O)OCCCCCCCC)S(=O)(=O)[O-],anionic,1,0,0.0009099999993271958,,,,,,P2SURF; Single_Surfactant_CMC/total_smile_and_property.csv; experimental CMC dataset; logCMC(uM)=2.95904139 converted to mol/L; https://github.com/sandialabs/P2SURF
CCCCCCCCCCCCC(C(=O)OCCCC)S(=O)(=O)[O-],anionic,1,0,0.001349999998461278,,,,,,P2SURF; Single_Surfactant_CMC/total_smile_and_property.csv; experimental CMC dataset; logCMC(uM)=3.13033377 converted to mol/L; https://github.com/sandialabs/P2SURF
CCCCCCOC(=O)CC(C(=O)OCCCCCC)S(=O)(=O)[O-],anionic,1,0,0.0014000000010372378,,,,,,P2SURF; Single_Surfactant_CMC/total_smile_and_property.csv; experimental CMC dataset; logCMC(uM)=3.14612804 converted to mol/L; https://github.com/sandialabs/P2SURF
CCCCC(C)CCCCOCCOCCOCCOCCOCCOCCO,nonionic,6,0,0.0029699999978306858,,,,,,P2SURF; Single_Surfactant_CMC/total_smile_and_property.csv; experimental CMC dataset; logCMC(uM)=3.47275645 converted to mol/L; https://github.com/sandialabs/P2SURF
CCCCC(C)CCCCOCCOCCOCCOCCOCCOCCOCCOCCOCCO,nonionic,9,0,0.0031999999976428453,,,,,,P2SURF; Single_Surfactant_CMC/total_smile_and_property.csv; experimental CMC dataset; logCMC(uM)=3.50514998 converted to mol/L; https://github.com/sandialabs/P2SURF
CCC(C)CCOCCOCCOCCOCCOCCOCCO,nonionic,6,0,0.1,,,,,,P2SURF; Single_Surfactant_CMC/total_smile_and_property.csv; experimental CMC dataset; logCMC(uM)=5 converted to mol/L; https://github.com/sandialabs/P2SURF
CCCC(C)CCCOCCOCCOCCOCCOCCOCCO,nonionic,6,0,0.022999999999068294,,,,,,P2SURF; Single_Surfactant_CMC/total_smile_and_property.csv; experimental CMC dataset; logCMC(uM)=4.36172784 converted to mol/L; https://github.com/sandialabs/P2SURF
CCCCCCOCCOCCOCCOCCOCCOCCO,nonionic,6,0,0.796000000480816,,,,,,P2SURF; Single_Surfactant_CMC/total_smile_and_property.csv; experimental CMC dataset; logCMC(uM)=5.90091307 converted to mol/L; https://github.com/sandialabs/P2SURF
CCCCCCOCCOCCOCCOCCO,nonionic,4,0,0.08999999990895757,,,,,,P2SURF; Single_Surfactant_CMC/total_smile_and_property.csv; experimental CMC dataset; logCMC(uM)=4.95424251 converted to mol/L; https://github.com/sandialabs/P2SURF
CCCCCCOCCOCCOCCOCCOCCO,nonionic,5,0,0.09250000005558316,,,,,,P2SURF; Single_Surfactant_CMC/total_smile_and_property.csv; experimental CMC dataset; logCMC(uM)=4.96614173 converted to mol/L; https://github.com/sandialabs/P2SURF
CC(C)(C)OCCOCCOCCOCCOCCOCCO,nonionic,6,0,0.9099999993271949,,,,,,P2SURF; Single_Surfactant_CMC/total_smile_and_property.csv; experimental CMC dataset; logCMC(uM)=5.95904139 converted to mol/L; https://github.com/sandialabs/P2SURF
CCCCCCCCOCCOCCOCCOCCOCCOCCOCCOCCOCCO,nonionic,9,0,0.012999999990815261,,,,,,P2SURF; Single_Surfactant_CMC/total_smile_and_property.csv; experimental CMC dataset; logCMC(uM)=4.11394335 converted to mol/L; https://github.com/sandialabs/P2SURF
CCCCCCCCCCCCCCCCOCCOCCOCCOS(=O)(=O)[O-],anionic,3,0,7.292872635418485e-05,,,,,,P2SURF; Single_Surfactant_CMC/total_smile_and_property.csv; experimental CMC dataset; logCMC(uM)=1.86289863 converted to mol/L; https://github.com/sandialabs/P2SURF
CCCCCCCCCCCCCCCCOCCOCCOS(=O)(=O)[O-],anionic,2,0,0.00012239139307217744,,,,,,P2SURF; Single_Surfactant_CMC/total_smile_and_property.csv; experimental CMC dataset; logCMC(uM)=2.08775088 converted to mol/L; https://github.com/sandialabs/P2SURF
CCCCCCCCCCCCCCCCOCCOS(=O)(=O)[O-],anionic,1,0,0.00020469305650820885,,,,,,P2SURF; Single_Surfactant_CMC/total_smile_and_property.csv; experimental CMC dataset; logCMC(uM)=2.31110311 converted to mol/L; https://github.com/sandialabs/P2SURF
CCCCCCCCCCCCCCCCCCOCCOCCOCCOS(=O)(=O)[O-],anionic,3,0,4.461146589242475e-05,,,,,,P2SURF; Single_Surfactant_CMC/total_smile_and_property.csv; experimental CMC dataset; logCMC(uM)=1.64944649 converted to mol/L; https://github.com/sandialabs/P2SURF
CCCCCCCCCCCCCCCCCCOCCOCCOS(=O)(=O)[O-],anionic,2,0,9.131657308832121e-05,,,,,,P2SURF; Single_Surfactant_CMC/total_smile_and_property.csv; experimental CMC dataset; logCMC(uM)=1.9605496 converted to mol/L; https://github.com/sandialabs/P2SURF
CCCCCCCCCCCCCCCCCCOCCOS(=O)(=O)[O-],anionic,1,0,0.0001889307997687822,,,,,,P2SURF; Single_Surfactant_CMC/total_smile_and_property.csv; experimental CMC dataset; logCMC(uM)=2.27630276 converted to mol/L; https://github.com/sandialabs/P2SURF
CCCCCC(C)(C)c1ccc(OCCO)cc1,nonionic,1,0,0.00022377084301587687,,,,,,P2SURF; Single_Surfactant_CMC/total_smile_and_property.csv; experimental CMC dataset; logCMC(uM)=2.3498035 converted to mol/L; https://github.com/sandialabs/P2SURF
CCCCCC(C)(C)c1ccc(OCCOCCO)cc1,nonionic,2,0,0.00011791002080571182,,,,,,P2SURF; Single_Surfactant_CMC/total_smile_and_property.csv; experimental CMC dataset; logCMC(uM)=2.07155072 converted to mol/L; https://github.com/sandialabs/P2SURF
CCCCCC(C)(C)c1ccc(OCCOCCOCCO)cc1,nonionic,3,0,0.0001020587133739557,,,,,,P2SURF; Single_Surfactant_CMC/total_smile_and_property.csv; experimental CMC dataset; logCMC(uM)=2.00885009 converted to mol/L; https://github.com/sandialabs/P2SURF
CCCCCC(C)(C)c1ccc(OCCOCCOCCOCCO)cc1,nonionic,4,0,0.0001261249502681519,,,,,,P2SURF; Single_Surfactant_CMC/total_smile_and_property.csv; experimental CMC dataset; logCMC(uM)=2.10080101 converted to mol/L; https://github.com/sandialabs/P2SURF
CCCCCC(C)(C)c1ccc(OCCOCCOCCOCCOCCO)cc1,nonionic,5,0,0.00014958971990610746,,,,,,P2SURF; Single_Surfactant_CMC/total_smile_and_property.csv; experimental CMC dataset; logCMC(uM)=2.17490175 converted to mol/L; https://github.com/sandialabs/P2SURF
CCCCCC(C)(C)c1ccc(OCCOCCOCCOCCOCCOCCO)cc1,nonionic,6,0,0.00020139702038753413,,,,,,P2SURF; Single_Surfactant_CMC/total_smile_and_property.csv; experimental CMC dataset; logCMC(uM)=2.30405304 converted to mol/L; https://github.com/sandialabs/P2SURF
CCCCCC(C)(C)c1ccc(OCCOCCOCCOCCOCCOCCOCCO)cc1,nonionic,7,0,0.0002457275807869821,,,,,,P2SURF; Single_Surfactant_CMC/total_smile_and_property.csv; experimental CMC dataset; logCMC(uM)=2.39045391 converted to mol/L; https://github.com/sandialabs/P2SURF
CCCCCC(C)(C)c1ccc(OCCOCCOCCOCCOCCOCCOCCOCCO)cc1,nonionic,8,0,0.000286354867031658,,,,,,P2SURF; Single_Surfactant_CMC/total_smile_and_property.csv; experimental CMC dataset; logCMC(uM)=2.45690457 converted to mol/L; https://github.com/sandialabs/P2SURF
CCCCCC(C)(C)c1ccc(OCCOCCOCCOCCOCCOCCOCCOCCOCCO)cc1,nonionic,9,0,0.00033799111901869317,,,,,,P2SURF; Single_Surfactant_CMC/total_smile_and_property.csv; experimental CMC dataset; logCMC(uM)=2.52890529 converted to mol/L; https://github.com/sandialabs/P2SURF
CCCCCC(C)(C)c1ccc(OCCOCCOCCOCCOCCOCCOCCOCCOCCOCCO)cc1,nonionic,10,0,0.0003560865057766022,,,,,,P2SURF; Single_Surfactant_CMC/total_smile_and_property.csv; experimental CMC dataset; logCMC(uM)=2.55155552 converted to mol/L; https://github.com/sandialabs/P2SURF
O=S(=O)([O-])c1ccc(OCCCCCCOc2ccc(S(=O)(=O)[O-])cc2)cc1,anionic,1,0,0.004373875420235297,,,,,,P2SURF; Single_Surfactant_CMC/total_smile_and_property.csv; experimental CMC dataset; logCMC(uM)=3.64086641 converted to mol/L; https://github.com/sandialabs/P2SURF
CCCCCCCCCC1COCCC1OS(=O)(=O)[O-],anionic,1,0,0.02958862004546894,,,,,,P2SURF; Single_Surfactant_CMC/total_smile_and_property.csv; experimental CMC dataset; logCMC(uM)=4.47112471 converted to mol/L; https://github.com/sandialabs/P2SURF
CCCCCCCCCCCC1COCCC1OS(=O)(=O)[O-],anionic,1,0,0.0058259620858144585,,,,,,P2SURF; Single_Surfactant_CMC/total_smile_and_property.csv; experimental CMC dataset; logCMC(uM)=3.76536765 converted to mol/L; https://github.com/sandialabs/P2SURF
CCCCCCCCCCCCCC1COCCC1OS(=O)(=O)[O-],anionic,1,0,0.0015054341965982673,,,,,,P2SURF; Single_Surfactant_CMC/total_smile_and_property.csv; experimental CMC dataset; logCMC(uM)=3.17766178 converted to mol/L; https://github.com/sandialabs/P2SURF
CCCCCCCCCCCCCCCC1COCCC1OS(=O)(=O)[O-],anionic,1,0,0.00035107948611833934,,,,,,P2SURF; Single_Surfactant_CMC/total_smile_and_property.csv; experimental CMC dataset; logCMC(uM)=2.54540545 converted to mol/L; https://github.com/sandialabs/P2SURF
CCCCCCCCCCC(C)OCCOCCO,nonionic,2,0,3.386454906624882e-05,,,,,,P2SURF; Single_Surfactant_CMC/total_smile_and_property.csv; experimental CMC dataset; logCMC(uM)=1.5297453 converted to mol/L; https://github.com/sandialabs/P2SURF
CCCCCCCCCCC(C)OCCOCCOCCOCCOCCO,nonionic,5,0,6.62290018864915e-05,,,,,,P2SURF; Single_Surfactant_CMC/total_smile_and_property.csv; experimental CMC dataset; logCMC(uM)=1.82104821 converted to mol/L; https://github.com/sandialabs/P2SURF
CCCCCCCCCCC(C)OCCOCCOCCO,nonionic,3,0,5.023969683005379e-05,,,,,,P2SURF; Single_Surfactant_CMC/total_smile_and_property.csv; experimental CMC dataset; logCMC(uM)=1.70104701 converted to mol/L; https://github.com/sandialabs/P2SURF
CCCCCCCCCCC(C)OCCOCCOCCOCCOCCOCCOCCO,nonionic,7,0,8.61686627124507e-05,,,,,,P2SURF; Single_Surfactant_CMC/total_smile_and_property.csv; experimental CMC dataset; logCMC(uM)=1.93534935 converted to mol/L; https://github.com/sandialabs/P2SURF
CCCCCCCCCCC(C)OCCOCCOCCOCCO,nonionic,4,0,6.251697561754043e-05,,,,,,P2SURF; Single_Surfactant_CMC/total_smile_and_property.csv; experimental CMC dataset; logCMC(uM)=1.79599796 converted to mol/L; https://github.com/sandialabs/P2SURF
CCCCCCCCCCC(C)OCCOCCOCCOCCOCCOCCOCCOCCO,nonionic,8,0,0.00011176362590856942,,,,,,P2SURF; Single_Surfactant_CMC/total_smile_and_property.csv; experimental CMC dataset; logCMC(uM)=2.04830048 converted to mol/L; https://github.com/sandialabs/P2SURF
CCCCCCCCCCOCCS(=O)(=O)[O-],anionic,1,0,0.01605543423564691,,,,,,P2SURF; Single_Surfactant_CMC/total_smile_and_property.csv; experimental CMC dataset; logCMC(uM)=4.20562206 converted to mol/L; https://github.com/sandialabs/P2SURF
CCCCCCCCCCCCOCCOS(=O)(=O)[O-],anionic,1,0,0.003933833260837641,,,,,,P2SURF; Single_Surfactant_CMC/total_smile_and_property.csv; experimental CMC dataset; logCMC(uM)=3.59481595 converted to mol/L; https://github.com/sandialabs/P2SURF
CCCCCCCCCCCCOCCOCCOS(=O)(=O)[O-],anionic,2,0,0.00286889449402619,,,,,,P2SURF; Single_Surfactant_CMC/total_smile_and_property.csv; experimental CMC dataset; logCMC(uM)=3.45771458 converted to mol/L; https://github.com/sandialabs/P2SURF
CCCCCCCCCCCC(=O)NCCOCCOCCOCCO,nonionic,3,0,0.0005059493484840861,,,,,,P2SURF; Single_Surfactant_CMC/total_smile_and_property.csv; experimental CMC dataset; logCMC(uM)=2.70410704 converted to mol/L; https://github.com/sandialabs/P2SURF
CCCCCCCCCCCCOCCOCCOCCOCCOCCOCCOCCOCCOCCOCCO,nonionic,10,0,0.00014037878299373558,,,,,,P2SURF; Single_Surfactant_CMC/total_smile_and_property.csv; experimental CMC dataset; logCMC(uM)=2.14730147 converted to mol/L; https://github.com/sandialabs/P2SURF
CCCCCCCCOc1ccc(NC(=O)C[N+](C)(C)CC[N+](C)(C)CC(=O)Nc2ccc(OCCCCCCCC)cc2)cc1,cationic,1,0,0.0002509999997219846,,,,,,P2SURF; Single_Surfactant_CMC/total_smile_and_property.csv; experimental CMC dataset; logCMC(uM)=2.39967372 converted to mol/L; https://github.com/sandialabs/P2SURF
CCCCCCCCOc1ccc(NC(=O)C[N+](C)(C)CCCC[N+](C)(C)CC(=O)Nc2ccc(OCCCCCCCC)cc2)cc1,cationic,1,0,0.00020800000001783498,,,,,,P2SURF; Single_Surfactant_CMC/total_smile_and_property.csv; experimental CMC dataset; logCMC(uM)=2.31806334 converted to mol/L; https://github.com/sandialabs/P2SURF
CCCCCCCCOc1ccc(NC(=O)C[N+](C)(C)CCCCCC[N+](C)(C)CC(=O)Nc2ccc(OCCCCCCCC)cc2)cc1,cationic,1,0,0.00010900000001490235,,,,,,P2SURF; Single_Surfactant_CMC/total_smile_and_property.csv; experimental CMC dataset; logCMC(uM)=2.0374265 converted to mol/L; https://github.com/sandialabs/P2SURF
CCCCCCCCCCOc1ccc(NC(=O)C[N+](C)(C)CC[N+](C)(C)CC(=O)Nc2ccc(OCCCCCCCCCC)cc2)cc1,cationic,1,0,4.069999997889342e-05,,,,,,P2SURF; Single_Surfactant_CMC/total_smile_and_property.csv; experimental CMC dataset; logCMC(uM)=1.60959441 converted to mol/L; https://github.com/sandialabs/P2SURF
CCCCCCCCCCOc1ccc(NC(=O)C[N+](C)(C)CCCC[N+](C)(C)CC(=O)Nc2ccc(OCCCCCCCCCC)cc2)cc1,cationic,1,0,2.0699999978221704e-05,,,,,,P2SURF; Single_Surfactant_CMC/total_smile_and_property.csv; experimental CMC dataset; logCMC(uM)=1.31597034 converted to mol/L; https://github.com/sandialabs/P2SURF
CCCCCCCCCCOc1ccc(NC(=O)C[N+](C)(C)CCCCCC[N+](C)(C)CC(=O)Nc2ccc(OCCCCCCCCCC)cc2)cc1,cationic,1,0,1.0900000001490247e-05,,,,,,P2SURF; Single_Surfactant_CMC/total_smile_and_property.csv; experimental CMC dataset; logCMC(uM)=1.0374265 converted to mol/L; https://github.com/sandialabs/P2SURF
CCCCCCCCCCCCOc1ccc(NC(=O)C[N+](C)(C)CC[N+](C)(C)CC(=O)Nc2ccc(OCCCCCCCCCCCC)cc2)cc1,cationic,1,0,3.710000003288501e-05,,,,,,P2SURF; Single_Surfactant_CMC/total_smile_and_property.csv; experimental CMC dataset; logCMC(uM)=1.56937391 converted to mol/L; https://github.com/sandialabs/P2SURF
CCCCCCCCCCCCOc1ccc(NC(=O)C[N+](C)(C)CCCC[N+](C)(C)CC(=O)Nc2ccc(OCCCCCCCCCCCC)cc2)cc1,cationic,1,0,1.419999998747533e-05,,,,,,P2SURF; Single_Surfactant_CMC/total_smile_and_property.csv; experimental CMC dataset; logCMC(uM)=1.15228834 converted to mol/L; https://github.com/sandialabs/P2SURF
CCCCCCCCCCCCOc1ccc(NC(=O)C[N+](C)(C)CCCCCC[N+](C)(C)CC(=O)Nc2ccc(OCCCCCCCCCCCC)cc2)cc1,cationic,1,0,1.0399999992845145e-05,,,,,,P2SURF; Single_Surfactant_CMC/total_smile_and_property.csv; experimental CMC dataset; logCMC(uM)=1.01703334 converted to mol/L; https://github.com/sandialabs/P2SURF
CCCCCCCCCCCCCCOc1ccc(NC(=O)C[N+](C)(C)CC[N+](C)(C)CC(=O)Nc2ccc(OCCCCCCCCCCCCCC)cc2)cc1,cationic,1,0,2.0800000001783476e-05,,,,,,P2SURF; Single_Surfactant_CMC/total_smile_and_property.csv; experimental CMC dataset; logCMC(uM)=1.31806333 converted to mol/L; https://github.com/sandialabs/P2SURF
CCCCCCCCCCCCCCOc1ccc(NC(=O)C[N+](C)(C)CCCC[N+](C)(C)CC(=O)Nc2ccc(OCCCCCCCCCCCCCC)cc2)cc1,cationic,1,0,1.1799999991682423e-05,,,,,,P2SURF; Single_Surfactant_CMC/total_smile_and_property.csv; experimental CMC dataset; logCMC(uM)=1.07188201 converted to mol/L; https://github.com/sandialabs/P2SURF
CCCCCCCCCCCCCCOc1ccc(NC(=O)C[N+](C)(C)CCCCCC[N+](C)(C)CC(=O)Nc2ccc(OCCCCCCCCCCCCCC)cc2)cc1,cationic,1,0,2.750000001074795e-05,,,,,,P2SURF; Single_Surfactant_CMC/total_smile_and_property.csv; experimental CMC dataset; logCMC(uM)=1.43933269 converted to mol/L; https://github.com/sandialabs/P2SURF
CCCCCCCCCCCCCCCCOc1ccc(NC(=O)C[N+](C)(C)CC[N+](C)(C)CC(=O)Nc2ccc(OCCCCCCCCCCCCCCCC)cc2)cc1,cationic,1,0,1.4000000010372393e-05,,,,,,P2SURF; Single_Surfactant_CMC/total_smile_and_property.csv; experimental CMC dataset; logCMC(uM)=1.14612804 converted to mol/L; https://github.com/sandialabs/P2SURF
CCCCCCCCCCCCCCCCOc1ccc(NC(=O)C[N+](C)(C)CCCC[N+](C)(C)CC(=O)Nc2ccc(OCCCCCCCCCCCCCCCC)cc2)cc1,cationic,1,0,8.999999990895758e-06,,,,,,P2SURF; Single_Surfactant_CMC/total_smile_and_property.csv; experimental CMC dataset; logCMC(uM)=0.954242509 converted to mol/L; https://github.com/sandialabs/P2SURF
CCCCCCCCCCCCCCCCOc1ccc(NC(=O)C[N+](C)(C)CCCCCC[N+](C)(C)CC(=O)Nc2ccc(OCCCCCCCCCCCCCCCC)cc2)cc1,cationic,1,0,2.8800000015966458e-05,,,,,,P2SURF; Single_Surfactant_CMC/total_smile_and_property.csv; experimental CMC dataset; logCMC(uM)=1.45939249 converted to mol/L; https://github.com/sandialabs/P2SURF
CCCCCCCCCCCC(=O)OCC(C)[N+](C)(C)CC(O)CN(CCCCC)CC(O)C[N+](C)(C)C(C)COC(=O)CCCCCCCCCCC,cationic,0,1,6.28058358813318e-05,,,,,,P2SURF; Single_Surfactant_CMC/total_smile_and_property.csv; experimental CMC dataset; logCMC(uM)=1.798 converted to mol/L; https://github.com/sandialabs/P2SURF
CCCCCCCCCCCC(=O)OCC(C)[N+](C)(C)CC(O)CN(CCCCCC)CC(O)C[N+](C)(C)C(C)COC(=O)CCCCCCCCCCC,cationic,0,1,5.9156163417547426e-05,,,,,,P2SURF; Single_Surfactant_CMC/total_smile_and_property.csv; experimental CMC dataset; logCMC(uM)=1.772 converted to mol/L; https://github.com/sandialabs/P2SURF
CCCCCCCCCCCC(=O)OCC(C)[N+](C)(C)CC(O)CN(CCCCCCCC)CC(O)C[N+](C)(C)C(C)COC(=O)CCCCCCCCCCC,cationic,0,1,5.4075432294558155e-05,,,,,,P2SURF; Single_Surfactant_CMC/total_smile_and_property.csv; experimental CMC dataset; logCMC(uM)=1.733 converted to mol/L; https://github.com/sandialabs/P2SURF
CCCCCCCCCCCC(=O)OCCC[N+](C)(C)CC(O)CN(CCCCC)CC(O)C[N+](C)(C)CCCOC(=O)CCCCCCCCCCC,cationic,1,0,4.87528490103386e-05,,,,,,P2SURF; Single_Surfactant_CMC/total_smile_and_property.csv; experimental CMC dataset; logCMC(uM)=1.688 converted to mol/L; https://github.com/sandialabs/P2SURF
CCCCCCCCCCCC(=O)OCCC[N+](C)(C)CC(O)CN(CCCCCC)CC(O)C[N+](C)(C)CCCOC(=O)CCCCCCCCCCC,cationic,1,0,4.466835921509635e-05,,,,,,P2SURF; Single_Surfactant_CMC/total_smile_and_property.csv; experimental CMC dataset; logCMC(uM)=1.65 converted to mol/L; https://github.com/sandialabs/P2SURF
CCCCCCCCCCCC(=O)OCCC[N+](C)(C)CC(O)CN(CCCCCCCC)CC(O)C[N+](C)(C)CCCOC(=O)CCCCCCCCCCC,cationic,1,0,4.07380277804113e-05,,,,,,P2SURF; Single_Surfactant_CMC/total_smile_and_property.csv; experimental CMC dataset; logCMC(uM)=1.61 converted to mol/L; https://github.com/sandialabs/P2SURF
CCCCCCCCCCOc1ccc[n+](CC(O)C[n+]2cccc(OCCCCCCCCCC)c2)c1,cationic,1,0,0.001,,,,,,P2SURF; Single_Surfactant_CMC/total_smile_and_property.csv; experimental CMC dataset; logCMC(uM)=3 converted to mol/L; https://github.com/sandialabs/P2SURF
CCCCCCCCCCCCOc1ccc[n+](CCCC[n+]2cccc(OCCCCCCCCCCCC)c2)c1,cationic,1,0,0.000239883291901949,,,,,,P2SURF; Single_Surfactant_CMC/total_smile_and_property.csv; experimental CMC dataset; logCMC(uM)=2.38 converted to mol/L; https://github.com/sandialabs/P2SURF
CCCCCCCCCCCCOc1ccc[n+](CCC[n+]2cccc(OCCCCCCCCCCCC)c2)c1,cationic,1,0,0.00019010782799232996,,,,,,P2SURF; Single_Surfactant_CMC/total_smile_and_property.csv; experimental CMC dataset; logCMC(uM)=2.279 converted to mol/L; https://github.com/sandialabs/P2SURF
CCCCCCCC[N+](C)(C)CCOCC[N+](C)(C)CCCCCCCC,cationic,1,0,0.021086281499332886,,,,,,P2SURF; Single_Surfactant_CMC/total_smile_and_property.csv; experimental CMC dataset; logCMC(uM)=4.324 converted to mol/L; https://github.com/sandialabs/P2SURF
CCCCCCCCCC[N+](C)(C)CCOCC[N+](C)(C)CCCCCCCCCC,cationic,1,0,0.006591738952443213,,,,,,P2SURF; Single_Surfactant_CMC/total_smile_and_property.csv; experimental CMC dataset; logCMC(uM)=3.819 converted to mol/L; https://github.com/sandialabs/P2SURF
CCCCCCCCCCCC[N+](C)(C)CCOCC[N+](C)(C)CCCCCCCCCCCC,cationic,1,0,0.0010471285480508996,,,,,,P2SURF; Single_Surfactant_CMC/total_smile_and_property.csv; experimental CMC dataset; logCMC(uM)=3.02 converted to mol/L; https://github.com/sandialabs/P2SURF
CCCCCCCCCCCCCC[N+](C)(C)CCOCC[N+](C)(C)CCCCCCCCCCCCCC,cationic,1,0,0.00020090928126087278,,,,,,P2SURF; Single_Surfactant_CMC/total_smile_and_property.csv; experimental CMC dataset; logCMC(uM)=2.303 converted to mol/L; https://github.com/sandialabs/P2SURF
Cn1cc[n+](COCCOC[n+]2ccn(C)c2)c1,cationic,1,0,0.00707945784384138,,,,,,P2SURF; Single_Surfactant_CMC/total_smile_and_property.csv; experimental CMC dataset; logCMC(uM)=3.85 converted to mol/L; https://github.com/sandialabs/P2SURF
Cn1cc[n+](COCCCOC[n+]2ccn(C)c2)c1,cationic,1,0,0.006606934480075957,,,,,,P2SURF; Single_Surfactant_CMC/total_smile_and_property.csv; experimental CMC dataset; logCMC(uM)=3.82 converted to mol/L; https://github.com/sandialabs/P2SURF
CCn1cc[n+](COCCOC[n+]2ccn(CC)c2)c1,cationic,1,0,0.00588843655355589,,,,,,P2SURF; Single_Surfactant_CMC/total_smile_and_property.csv; experimental CMC dataset; logCMC(uM)=3.77 converted to mol/L; https://github.com/sandialabs/P2SURF
Cn1cc[n+](COCCCCCOC[n+]2ccn(C)c2)c1,cationic,1,0,0.005623413251903491,,,,,,P2SURF; Single_Surfactant_CMC/total_smile_and_property.csv; experimental CMC dataset; logCMC(uM)=3.75 converted to mol/L; https://github.com/sandialabs/P2SURF
CCn1cc[n+](COCCCOC[n+]2ccn(CC)c2)c1,cationic,1,0,0.005495408738576248,,,,,,P2SURF; Single_Surfactant_CMC/total_smile_and_property.csv; experimental CMC dataset; logCMC(uM)=3.74 converted to mol/L; https://github.com/sandialabs/P2SURF
CCn1cc[n+](COCCCCOC[n+]2ccn(CC)c2)c1,cationic,1,0,0.005011872336272725,,,,,,P2SURF; Single_Surfactant_CMC/total_smile_and_property.csv; experimental CMC dataset; logCMC(uM)=3.7 converted to mol/L; https://github.com/sandialabs/P2SURF
CCn1cc[n+](COCCCCCOC[n+]2ccn(CC)c2)c1,cationic,1,0,0.004677351412871981,,,,,,P2SURF; Single_Surfactant_CMC/total_smile_and_property.csv; experimental CMC dataset; logCMC(uM)=3.67 converted to mol/L; https://github.com/sandialabs/P2SURF
CCn1cc[n+](COCCCCCCOC[n+]2ccn(CC)c2)c1,cationic,1,0,0.004265795188015926,,,,,,P2SURF; Single_Surfactant_CMC/total_smile_and_property.csv; experimental CMC dataset; logCMC(uM)=3.63 converted to mol/L; https://github.com/sandialabs/P2SURF
CCCn1cc[n+](COCCOC[n+]2ccn(CCC)c2)c1,cationic,1,0,0.004168693834703355,,,,,,P2SURF; Single_Surfactant_CMC/total_smile_and_property.csv; experimental CMC dataset; logCMC(uM)=3.62 converted to mol/L; https://github.com/sandialabs/P2SURF
CCCn1cc[n+](COCCCCOC[n+]2ccn(CCC)c2)c1,cationic,1,0,0.004073802778041126,,,,,,P2SURF; Single_Surfactant_CMC/total_smile_and_property.csv; experimental CMC dataset; logCMC(uM)=3.61 converted to mol/L; https://github.com/sandialabs/P2SURF
CCCCn1cc[n+](COCCOC[n+]2ccn(CCCC)c2)c1,cationic,1,0,0.003890451449942805,,,,,,P2SURF; Single_Surfactant_CMC/total_smile_and_property.csv; experimental CMC dataset; logCMC(uM)=3.59 converted to mol/L; https://github.com/sandialabs/P2SURF
CCCn1cc[n+](COCCCCCOC[n+]2ccn(CCC)c2)c1,cationic,1,0,0.003890451449942805,,,,,,P2SURF; Single_Surfactant_CMC/total_smile_and_property.csv; experimental CMC dataset; logCMC(uM)=3.59 converted to mol/L; https://github.com/sandialabs/P2SURF
CCCCn1cc[n+](COCCCOC[n+]2ccn(CCCC)c2)c1,cationic,1,0,0.003630780547701014,,,,,,P2SURF; Single_Surfactant_CMC/total_smile_and_property.csv; experimental CMC dataset; logCMC(uM)=3.56 converted to mol/L; https://github.com/sandialabs/P2SURF
CCCn1cc[n+](COCCCCCCOC[n+]2ccn(CCC)c2)c1,cationic,1,0,0.0035481338923357532,,,,,,P2SURF; Single_Surfactant_CMC/total_smile_and_property.csv; experimental CMC dataset; logCMC(uM)=3.55 converted to mol/L; https://github.com/sandialabs/P2SURF
CCCCn1cc[n+](COCCCCCOC[n+]2ccn(CCCC)c2)c1,cationic,1,0,0.003235936569296281,,,,,,P2SURF; Single_Surfactant_CMC/total_smile_and_property.csv; experimental CMC dataset; logCMC(uM)=3.51 converted to mol/L; https://github.com/sandialabs/P2SURF
CCCCCn1cc[n+](COCCOC[n+]2ccn(CCCCC)c2)c1,cationic,1,0,0.003235936569296281,,,,,,P2SURF; Single_Surfactant_CMC/total_smile_and_property.csv; experimental CMC dataset; logCMC(uM)=3.51 converted to mol/L; https://github.com/sandialabs/P2SURF
CCCCCn1cc[n+](COCCCOC[n+]2ccn(CCCCC)c2)c1,cationic,1,0,0.003019951720402016,,,,,,P2SURF; Single_Surfactant_CMC/total_smile_and_property.csv; experimental CMC dataset; logCMC(uM)=3.48 converted to mol/L; https://github.com/sandialabs/P2SURF
CCCCCn1cc[n+](COCCCCOC[n+]2ccn(CCCCC)c2)c1,cationic,1,0,0.002951209226666387,,,,,,P2SURF; Single_Surfactant_CMC/total_smile_and_property.csv; experimental CMC dataset; logCMC(uM)=3.47 converted to mol/L; https://github.com/sandialabs/P2SURF
CCCCn1cc[n+](COCCCCCCOC[n+]2ccn(CCCC)c2)c1,cationic,1,0,0.0028840315031266055,,,,,,P2SURF; Single_Surfactant_CMC/total_smile_and_property.csv; experimental CMC dataset; logCMC(uM)=3.46 converted to mol/L; https://github.com/sandialabs/P2SURF
CCCCCn1cc[n+](COCCCCCCOC[n+]2ccn(CCCCC)c2)c1,cationic,1,0,0.00239883291901949,,,,,,P2SURF; Single_Surfactant_CMC/total_smile_and_property.csv; experimental CMC dataset; logCMC(uM)=3.38 converted to mol/L; https://github.com/sandialabs/P2SURF
CCCCCCn1cc[n+](COCCCCOC[n+]2ccn(CCCCCC)c2)c1,cationic,1,0,0.0022908676527677724,,,,,,P2SURF; Single_Surfactant_CMC/total_smile_and_property.csv; experimental CMC dataset; logCMC(uM)=3.36 converted to mol/L; https://github.com/sandialabs/P2SURF
CCCCCCCn1cc[n+](COCCOC[n+]2ccn(CCCCCCC)c2)c1,cationic,1,0,0.00223872113856834,,,,,,P2SURF; Single_Surfactant_CMC/total_smile_and_property.csv; experimental CMC dataset; logCMC(uM)=3.35 converted to mol/L; https://github.com/sandialabs/P2SURF
CCCCCCn1cc[n+](COCCCCCOC[n+]2ccn(CCCCCC)c2)c1,cationic,1,0,0.0021379620895022326,,,,,,P2SURF; Single_Surfactant_CMC/total_smile_and_property.csv; experimental CMC dataset; logCMC(uM)=3.33 converted to mol/L; https://github.com/sandialabs/P2SURF
CCCCCCCn1cc[n+](COCCCOC[n+]2ccn(CCCCCCC)c2)c1,cationic,1,0,0.0020892961308540386,,,,,,P2SURF; Single_Surfactant_CMC/total_smile_and_property.csv; experimental CMC dataset; logCMC(uM)=3.32 converted to mol/L; https://github.com/sandialabs/P2SURF
CCCCCCCn1cc[n+](COCCCCOC[n+]2ccn(CCCCCCC)c2)c1,cationic,1,0,0.0019498445997580456,,,,,,P2SURF; Single_Surfactant_CMC/total_smile_and_property.csv; experimental CMC dataset; logCMC(uM)=3.29 converted to mol/L; https://github.com/sandialabs/P2SURF
CCCCCCn1cc[n+](COCCCCCCOC[n+]2ccn(CCCCCC)c2)c1,cationic,1,0,0.0019498445997580456,,,,,,P2SURF; Single_Surfactant_CMC/total_smile_and_property.csv; experimental CMC dataset; logCMC(uM)=3.29 converted to mol/L; https://github.com/sandialabs/P2SURF
CCCCCCCCn1cc[n+](COCCOC[n+]2ccn(CCCCCCCC)c2)c1,cationic,1,0,0.0019054607179632462,,,,,,P2SURF; Single_Surfactant_CMC/total_smile_and_property.csv; experimental CMC dataset; logCMC(uM)=3.28 converted to mol/L; https://github.com/sandialabs/P2SURF
CCCCCCCCn1cc[n+](COCCCOC[n+]2ccn(CCCCCCCC)c2)c1,cationic,1,0,0.0017782794100389228,,,,,,P2SURF; Single_Surfactant_CMC/total_smile_and_property.csv; experimental CMC dataset; logCMC(uM)=3.25 converted to mol/L; https://github.com/sandialabs/P2SURF
CCCCCCCn1cc[n+](COCCCCCOC[n+]2ccn(CCCCCCC)c2)c1,cationic,1,0,0.0017782794100389228,,,,,,P2SURF; Single_Surfactant_CMC/total_smile_and_property.csv; experimental CMC dataset; logCMC(uM)=3.25 converted to mol/L; https://github.com/sandialabs/P2SURF
CCCCCCCCn1cc[n+](COCCCCOC[n+]2ccn(CCCCCCCC)c2)c1,cationic,1,0,0.0016218100973589297,,,,,,P2SURF; Single_Surfactant_CMC/total_smile_and_property.csv; experimental CMC dataset; logCMC(uM)=3.21 converted to mol/L; https://github.com/sandialabs/P2SURF
CCCCCCCn1cc[n+](COCCCCCCOC[n+]2ccn(CCCCCCC)c2)c1,cationic,1,0,0.0016218100973589297,,,,,,P2SURF; Single_Surfactant_CMC/total_smile_and_property.csv; experimental CMC dataset; logCMC(uM)=3.21 converted to mol/L; https://github.com/sandialabs/P2SURF
CCCCCCCCCn1cc[n+](COCCOC[n+]2ccn(CCCCCCCCC)c2)c1,cationic,1,0,0.0015488166189124811,,,,,,P2SURF; Single_Surfactant_CMC/total_smile_and_property.csv; experimental CMC dataset; logCMC(uM)=3.19 converted to mol/L; https://github.com/sandialabs/P2SURF
CCCCCCCCCn1cc[n+](COCCCOC[n+]2ccn(CCCCCCCCC)c2)c1,cationic,1,0,0.001445439770745928,,,,,,P2SURF; Single_Surfactant_CMC/total_smile_and_property.csv; experimental CMC dataset; logCMC(uM)=3.16 converted to mol/L; https://github.com/sandialabs/P2SURF
CCCCCCCCn1cc[n+](COCCCCCCOC[n+]2ccn(CCCCCCCC)c2)c1,cationic,1,0,0.0013489628825916532,,,,,,P2SURF; Single_Surfactant_CMC/total_smile_and_property.csv; experimental CMC dataset; logCMC(uM)=3.13 converted to mol/L; https://github.com/sandialabs/P2SURF
CCCCCCCCCn1cc[n+](COCCCCOC[n+]2ccn(CCCCCCCCC)c2)c1,cationic,1,0,0.0013182567385564075,,,,,,P2SURF; Single_Surfactant_CMC/total_smile_and_property.csv; experimental CMC dataset; logCMC(uM)=3.12 converted to mol/L; https://github.com/sandialabs/P2SURF
CCCCCCCCCn1cc[n+](COCCCCCOC[n+]2ccn(CCCCCCCCC)c2)c1,cationic,1,0,0.0012302687708123812,,,,,,P2SURF; Single_Surfactant_CMC/total_smile_and_property.csv; experimental CMC dataset; logCMC(uM)=3.09 converted to mol/L; https://github.com/sandialabs/P2SURF
CCCCCCCCCCn1cc[n+](COCCCOC[n+]2ccn(CCCCCCCCCC)c2)c1,cationic,1,0,0.001122018454301963,,,,,,P2SURF; Single_Surfactant_CMC/total_smile_and_property.csv; experimental CMC dataset; logCMC(uM)=3.05 converted to mol/L; https://github.com/sandialabs/P2SURF
CCCCCCCCCn1cc[n+](COCCCCCCOC[n+]2ccn(CCCCCCCCC)c2)c1,cationic,1,0,0.001122018454301963,,,,,,P2SURF; Single_Surfactant_CMC/total_smile_and_property.csv; experimental CMC dataset; logCMC(uM)=3.05 converted to mol/L; https://github.com/sandialabs/P2SURF
CCCCCCCCCCn1cc[n+](COCCCCOC[n+]2ccn(CCCCCCCCCC)c2)c1,cationic,1,0,0.001,,,,,,P2SURF; Single_Surfactant_CMC/total_smile_and_property.csv; experimental CMC dataset; logCMC(uM)=3 converted to mol/L; https://github.com/sandialabs/P2SURF
CCCCCCCCCCCn1cc[n+](COCCOC[n+]2ccn(CCCCCCCCCCC)c2)c1,cationic,1,0,0.0009120108393559096,,,,,,P2SURF; Single_Surfactant_CMC/total_smile_and_property.csv; experimental CMC dataset; logCMC(uM)=2.96 converted to mol/L; https://github.com/sandialabs/P2SURF
CCCCCCCCCCCn1cc[n+](COCCCOC[n+]2ccn(CCCCCCCCCCC)c2)c1,cationic,1,0,0.0008511380382023768,,,,,,P2SURF; Single_Surfactant_CMC/total_smile_and_property.csv; experimental CMC dataset; logCMC(uM)=2.93 converted to mol/L; https://github.com/sandialabs/P2SURF
CCCCCCCCCCn1cc[n+](COCCCCCOC[n+]2ccn(CCCCCCCCCC)c2)c1,cationic,1,0,0.0008511380382023768,,,,,,P2SURF; Single_Surfactant_CMC/total_smile_and_property.csv; experimental CMC dataset; logCMC(uM)=2.93 converted to mol/L; https://github.com/sandialabs/P2SURF
CCCCCCCCCCn1cc[n+](COCCCCCCOC[n+]2ccn(CCCCCCCCCC)c2)c1,cationic,1,0,0.0008511380382023768,,,,,,P2SURF; Single_Surfactant_CMC/total_smile_and_property.csv; experimental CMC dataset; logCMC(uM)=2.93 converted to mol/L; https://github.com/sandialabs/P2SURF
CCCCCCCCCCCn1cc[n+](COCCCCOC[n+]2ccn(CCCCCCCCCCC)c2)c1,cationic,1,0,0.0007413102413009177,,,,,,P2SURF; Single_Surfactant_CMC/total_smile_and_property.csv; experimental CMC dataset; logCMC(uM)=2.87 converted to mol/L; https://github.com/sandialabs/P2SURF
CCCCCCCCCCCCn1cc[n+](COCCOC[n+]2ccn(CCCCCCCCCCCC)c2)c1,cationic,1,0,0.000707945784384138,,,,,,P2SURF; Single_Surfactant_CMC/total_smile_and_property.csv; experimental CMC dataset; logCMC(uM)=2.85 converted to mol/L; https://github.com/sandialabs/P2SURF
CCCCCCCCCCCn1cc[n+](COCCCCCOC[n+]2ccn(CCCCCCCCCCC)c2)c1,cationic,1,0,0.0006918309709189362,,,,,,P2SURF; Single_Surfactant_CMC/total_smile_and_property.csv; experimental CMC dataset; logCMC(uM)=2.84 converted to mol/L; https://github.com/sandialabs/P2SURF
CCCCCCCCCCCCn1cc[n+](COCCCOC[n+]2ccn(CCCCCCCCCCCC)c2)c1,cationic,1,0,0.0006606934480075957,,,,,,P2SURF; Single_Surfactant_CMC/total_smile_and_property.csv; experimental CMC dataset; logCMC(uM)=2.82 converted to mol/L; https://github.com/sandialabs/P2SURF
CCCCCCCCCCCn1cc[n+](COCCCCCCOC[n+]2ccn(CCCCCCCCCCC)c2)c1,cationic,1,0,0.000630957344480193,,,,,,P2SURF; Single_Surfactant_CMC/total_smile_and_property.csv; experimental CMC dataset; logCMC(uM)=2.8 converted to mol/L; https://github.com/sandialabs/P2SURF
CCCC[N+](C)(C)CCOCC[N+](C)(C)CCCC,cationic,1,0,0.15848931924611143,,,,,,P2SURF; Single_Surfactant_CMC/total_smile_and_property.csv; experimental CMC dataset; logCMC(uM)=5.2 converted to mol/L; https://github.com/sandialabs/P2SURF
CCCCCC[N+](C)(C)CCOCC[N+](C)(C)CCCCCC,cationic,1,0,0.08109610578538404,,,,,,P2SURF; Single_Surfactant_CMC/total_smile_and_property.csv; experimental CMC dataset; logCMC(uM)=4.909 converted to mol/L; https://github.com/sandialabs/P2SURF
Cn1cc[n+](COCCCCOC[n+]2ccn(C)c2)c1,cationic,1,0,0.006025595860743574,,,,,,P2SURF; Single_Surfactant_CMC/total_smile_and_property.csv; experimental CMC dataset; logCMC(uM)=3.78 converted to mol/L; https://github.com/sandialabs/P2SURF
Cn1cc[n+](COCCCCCCOC[n+]2ccn(C)c2)c1,cationic,1,0,0.005128613839913648,,,,,,P2SURF; Single_Surfactant_CMC/total_smile_and_property.csv; experimental CMC dataset; logCMC(uM)=3.71 converted to mol/L; https://github.com/sandialabs/P2SURF
CCCn1cc[n+](COCCCOC[n+]2ccn(CCC)c2)c1,cationic,1,0,0.004786300923226385,,,,,,P2SURF; Single_Surfactant_CMC/total_smile_and_property.csv; experimental CMC dataset; logCMC(uM)=3.68 converted to mol/L; https://github.com/sandialabs/P2SURF
CCCCn1cc[n+](COCCCCOC[n+]2ccn(CCCC)c2)c1,cationic,1,0,0.0035481338923357532,,,,,,P2SURF; Single_Surfactant_CMC/total_smile_and_property.csv; experimental CMC dataset; logCMC(uM)=3.55 converted to mol/L; https://github.com/sandialabs/P2SURF
CCCCCn1cc[n+](COCCCCCOC[n+]2ccn(CCCCC)c2)c1,cationic,1,0,0.0026302679918953813,,,,,,P2SURF; Single_Surfactant_CMC/total_smile_and_property.csv; experimental CMC dataset; logCMC(uM)=3.42 converted to mol/L; https://github.com/sandialabs/P2SURF
CCCCCCn1cc[n+](COCCOC[n+]2ccn(CCCCCC)c2)c1,cationic,1,0,0.0026302679918953813,,,,,,P2SURF; Single_Surfactant_CMC/total_smile_and_property.csv; experimental CMC dataset; logCMC(uM)=3.42 converted to mol/L; https://github.com/sandialabs/P2SURF
CCCCCCn1cc[n+](COCCCOC[n+]2ccn(CCCCCC)c2)c1,cationic,1,0,0.002454708915685031,,,,,,P2SURF; Single_Surfactant_CMC/total_smile_and_property.csv; experimental CMC dataset; logCMC(uM)=3.39 converted to mol/L; https://github.com/sandialabs/P2SURF
CCCCCCCCn1cc[n+](COCCCCCOC[n+]2ccn(CCCCCCCC)c2)c1,cationic,1,0,0.0014791083881682072,,,,,,P2SURF; Single_Surfactant_CMC/total_smile_and_property.csv; experimental CMC dataset; logCMC(uM)=3.17 converted to mol/L; https://github.com/sandialabs/P2SURF
CCCCCCCCCCn1cc[n+](COCCOC[n+]2ccn(CCCCCCCCCC)c2)c1,cationic,1,0,0.001202264434617413,,,,,,P2SURF; Single_Surfactant_CMC/total_smile_and_property.csv; experimental CMC dataset; logCMC(uM)=3.08 converted to mol/L; https://github.com/sandialabs/P2SURF
CCCCCCCCCCCCOC(=O)C[n+]1ccc(CCCc2cc[n+](CC(=O)OCCCCCCCCCCCC)cc2)cc1,cationic,1,0,3.5974933515574234e-05,,,,,,P2SURF; Single_Surfactant_CMC/total_smile_and_property.csv; experimental CMC dataset; logCMC(uM)=1.556 converted to mol/L; https://github.com/sandialabs/P2SURF
CCCCCCCCCCCCOCC(O)Cn1cc[n+](CCC[n+]2ccn(CC(O)COCCCCCCCCCCCC)c2)c1,cationic,1,0,1.9998618696327447e-05,,,,,,P2SURF; Single_Surfactant_CMC/total_smile_and_property.csv; experimental CMC dataset; logCMC(uM)=1.301 converted to mol/L; https://github.com/sandialabs/P2SURF
CCCCCCCCCCCCCCOc1ccc[n+](CC[n+]2cccc(OCCCCCCCCCCCCCC)c2)c1,cationic,1,0,3.3962527259040815e-05,,,,,,P2SURF; Single_Surfactant_CMC/total_smile_and_property.csv; experimental CMC dataset; logCMC(uM)=1.531 converted to mol/L; https://github.com/sandialabs/P2SURF
CCCCCCCCCCCCCCCCCC[N+](C)CCOCC[N+](C)(C)CCCCCCCCCCCCCCCCCC,cationic,1,0,3.303695410368149e-05,,,,,,P2SURF; Single_Surfactant_CMC/total_smile_and_property.csv; experimental CMC dataset; logCMC(uM)=1.519 converted to mol/L; https://github.com/sandialabs/P2SURF
CCCCCCCCCCCCCCCC[N+](C)(C)CCOCC[N+](C)(C)CCCCCCCCCCCCCCCC,cationic,1,0,3.1988951096913973e-05,,,,,,P2SURF; Single_Surfactant_CMC/total_smile_and_property.csv; experimental CMC dataset; logCMC(uM)=1.505 converted to mol/L; https://github.com/sandialabs/P2SURF
CCCCCCCCCCCCCCOc1ccc[n+](CCCC[n+]2cccc(OCCCCCCCCCCCCCC)c2)c1,cationic,1,0,5.9979107625551005e-05,,,,,,P2SURF; Single_Surfactant_CMC/total_smile_and_property.csv; experimental CMC dataset; logCMC(uM)=1.778 converted to mol/L; https://github.com/sandialabs/P2SURF
CCCCCCCCCCCCCCOc1ccc[n+](CCC[n+]2cccc(OCCCCCCCCCCCCCC)c2)c1,cationic,1,0,5.199959965335162e-05,,,,,,P2SURF; Single_Surfactant_CMC/total_smile_and_property.csv; experimental CMC dataset; logCMC(uM)=1.716 converted to mol/L; https://github.com/sandialabs/P2SURF
CCCCCCCCCCCCCCOc1ccc[n+](CC(O)C[n+]2cccc(OCCCCCCCCCCCCCC)c2)c1,cationic,1,0,2.6977394324449205e-05,,,,,,P2SURF; Single_Surfactant_CMC/total_smile_and_property.csv; experimental CMC dataset; logCMC(uM)=1.431 converted to mol/L; https://github.com/sandialabs/P2SURF
CCCCCCCCCCCCCCCCC(=O)OCC[n+]1ccc(CCCc2cc[n+](CCOC(=O)CCCCCCCCCCCCCCCC)cc2)cc1,cationic,1,0,3.5974933515574234e-05,,,,,,P2SURF; Single_Surfactant_CMC/total_smile_and_property.csv; experimental CMC dataset; logCMC(uM)=1.556 converted to mol/L; https://github.com/sandialabs/P2SURF
CCCCCCCCCCCCCCCCC(=O)OCC[n+]1ccc(CCCc2cc[n+](CCOC(=O)CCCCCCCCCCCCCCCC)cc2)cc1,cationic,1,0,5.495408738576248e-05,,,,,,P2SURF; Single_Surfactant_CMC/total_smile_and_property.csv; experimental CMC dataset; logCMC(uM)=1.74 converted to mol/L; https://github.com/sandialabs/P2SURF
CCCCCCCCCCCCCCOCC(O)Cn1cc[n+](CCC[n+]2ccn(CC(O)COCCCCCCCCCCCCCC)c2)c1,cationic,1,0,7.095777679633887e-05,,,,,,P2SURF; Single_Surfactant_CMC/total_smile_and_property.csv; experimental CMC dataset; logCMC(uM)=1.851 converted to mol/L; https://github.com/sandialabs/P2SURF
